track_group,ANC4_weighted,SBA_weighted
off-track,55.258279032162505,67.81262894822427
on-track,66.38232494446666,90.47157759976935
